Workbook

Sheet 預算試算
A1: 🧳 旅遊預算試算表
A2: 藍字＝可修改的輸入值；黑字＝公式自動計算。改目的地/人數/天數即時重算。
A4: 目的地 | B4: 日本 | D4: 有效人數(小孩半價) | E4: =B7+B8*0.5 -> 2
A5: 出發日期 | B5: 2026-07-15 | D5: 住宿晚數 | E5: =MAX(B6-1,0) -> 4
A6: 天數 | B6: 5 | D6: 匯率 | E6: =VLOOKUP($B$4,單價參考!$A$2:$J$5,9,FALSE) -> 0.21
A7: 大人人數 | B7: 2 | D7: 幣別 | E7: =VLOOKUP($B$4,單價參考!$A$2:$J$5,10,FALSE) -> JPY
A8: 小孩人數(半價計) | B8: 0
A9: 風格係數(0.8省/1標準/1.5豪華) | B9: 1
A12: 項目 | B12: 計算方式 | C12: 單價(TWD) | D12: 數量 | E12: 小計(TWD) | F12: 外幣參考
A13: 機票（來回） | B13: 每人一次 | C13: =VLOOKUP($B$4,單價參考!$A$2:$J$5,2,FALSE) -> 12000 | D13: =$E$4 -> 2 | E13: =C13*D13 -> 24000 | F13: =IF($E$6>0,E13/$E$6,0) -> 114285.71
A14: 住宿 | B14: 每人每晚 | C14: =VLOOKUP($B$4,單價參考!$A$2:$J$5,3,FALSE)*$B$9 -> 2200 | D14: =$E$4*$E$5 -> 8 | E14: =C14*D14 -> 17600 | F14: =IF($E$6>0,E14/$E$6,0) -> 83809.524
A15: 餐飲 | B15: 每人每日 | C15: =VLOOKUP($B$4,單價參考!$A$2:$J$5,4,FALSE)*$B$9 -> 1200 | D15: =$E$4*$B$6 -> 10 | E15: =C15*D15 -> 12000 | F15: =IF($E$6>0,E15/$E$6,0) -> 57142.857
A16: 當地交通 | B16: 每人每日 | C16: =VLOOKUP($B$4,單價參考!$A$2:$J$5,5,FALSE)*$B$9 -> 700 | D16: =$E$4*$B$6 -> 10 | E16: =C16*D16 -> 7000 | F16: =IF($E$6>0,E16/$E$6,0) -> 33333.333
A17: 景點門票／活動 | B17: 每人每日 | C17: =VLOOKUP($B$4,單價參考!$A$2:$J$5,6,FALSE)*$B$9 -> 500 | D17: =$E$4*$B$6 -> 10 | E17: =C17*D17 -> 5000 | F17: =IF($E$6>0,E17/$E$6,0) -> 23809.524
A18: 旅遊保險 | B18: 每人每日 | C18: =VLOOKUP($B$4,單價參考!$A$2:$J$5,7,FALSE) -> 150 | D18: =$E$4*$B$6 -> 10 | E18: =C18*D18 -> 1500 | F18: =IF($E$6>0,E18/$E$6,0) -> 7142.8571
A19: 購物／伴手禮 | B19: 每人一次 | C19: =VLOOKUP($B$4,單價參考!$A$2:$J$5,8,FALSE) -> 3000 | D19: =$E$4 -> 2 | E19: =C19*D19 -> 6000 | F19: =IF($E$6>0,E19/$E$6,0) -> 28571.429
A20: 小計 | E20: =SUM(E13:E19) -> 73100
A21: 預備金 10% | E21: =E20*0.1 -> 7310
A22: 總預算 | E22: =E20+E21 -> 80410
A23: 每人平均(含小孩) | E23: =IF(B7+B8>0,E22/(B7+B8),0) -> 40205
A24: 總預算外幣參考 | E24: =IF($E$6>0,E22/$E$6,0) -> 382904.76

Sheet 單價參考
A1: 目的地 | B1: 機票來回(TWD/人) | C1: 住宿(TWD/人/晚) | D1: 餐飲(TWD/人/日) | E1: 當地交通(TWD/人/日) | F1: 門票活動(TWD/人/日) | G1: 保險(TWD/人/日) | H1: 購物預算(TWD/人) | I1: 匯率(1外幣=?TWD) | J1: 幣別
A2: 台灣 | B2: 0 | C2: 1600 | D2: 600 | E2: 600 | F2: 300 | G2: 60 | H2: 1000 | I2: 1 | J2: TWD
A3: 日本 | B3: 12000 | C3: 2200 | D3: 1200 | E3: 700 | F3: 500 | G3: 150 | H3: 3000 | I3: 0.21 | J3: JPY
A4: 韓國 | B4: 9000 | C4: 1800 | D4: 1000 | E4: 500 | F4: 400 | G4: 150 | H4: 3000 | I4: 0.023 | J4: KRW
A5: 泰國 | B5: 9500 | C5: 1300 | D5: 700 | E5: 450 | F5: 600 | G5: 180 | H5: 3000 | I5: 0.95 | J5: THB
A7: ※ 單價為估算值（藍字可自行修改）。來源：2026 年市場行情概估，請依實際報價調整。

Sheet 行程表
A1: 🗓️ 逐日行程表
A3: 第幾天 | B3: 日期 | C3: 時間 | D3: 行程內容 | E3: 交通方式 | F3: 預估費用(TWD) | G3: 備註
A4: 1 | B4: =預算試算!B5 -> 2026-07-15 | C4: 10:00 | D4: 抵達機場、領 WiFi/eSIM | E4: 機場快線 | F4: 300 | G4: 範例列，請自行修改
A5: 1 | B5: =預算試算!B5 -> 2026-07-15 | C5: 15:00 | D5: 飯店 Check-in、周邊散步 | E5: 地鐵 | F5: 50
A6: 2 | C6: 09:00 | D6: （自行填入景點）
E25: 費用合計 | F25: =SUM(F4:F23) -> 350

Sheet 攜帶清單
A1: 🎒 攜帶物品檢查清單
A2: 「已備」欄填 1 表示完成；進度自動計算。
A4: 分類 | B4: 物品 | C4: 適用 | D4: 已備(填1)
A5: 必帶 | B5: 護照（效期6個月以上） | C5: 出國
A6: 必帶 | B6: 身分證／健保卡 | C6: 全部
A7: 必帶 | B7: 手機＋充電線＋行動電源 | C7: 全部
A8: 必帶 | B8: 現金（台幣＋外幣） | C8: 全部
A9: 必帶 | B9: 信用卡（開通海外刷卡） | C9: 出國
A10: 必帶 | B10: 網路（eSIM／WiFi機） | C10: 出國
A11: 必帶 | B11: 常用藥品＋腸胃藥 | C11: 全部
A12: 必帶 | B12: 訂房／機票證明（紙本＋截圖） | C12: 全部
A13: 必帶 | B13: 旅遊平安險保單 | C13: 出國
A14: 必帶 | B14: 轉接頭（220V圓孔） | C14: 韓國/泰國
A15: 必帶 | B15: Visit Japan Web QR Code | C15: 日本
A16: 必帶 | B16: TDAC 數位入境卡 | C16: 泰國
... A26: 建議 | B26: 緊急聯絡人資訊卡 | C26: 全部
B28: 完成進度 | C28: =COUNTIF(D5:D26,1)&" / "&COUNTA(B5:B26)&" 項" -> 0 / 22 項
